{
  "format_version": "1.20.50",
  "minecraft:item": {
    "description": {
      "identifier": "flaxon:flag",
      "category": "items"
    },
    "components": {
      "minecraft:hand_equipped": false,
      "minecraft:max_stack_size": 1,
      "minecraft:foil": false,
      "minecraft:allow_off_hand": false,
      "minecraft:icon": {
        "texture": "flag"
      },
      "minecraft:display_name": {
        "value": "§lFLAG"
      },
      "tag:minecraft:transform_materials": {}
    }
  }
}