{
  "format_version": "1.20.50",
  "minecraft:item": {
    "description": {
      "identifier": "flaxon:teams",
      "category": "items"
    },
    "components": {
      "minecraft:hand_equipped": false,
      "minecraft:max_stack_size": 1,
      "minecraft:foil": false,
      "minecraft:allow_off_hand": false,
      "minecraft:icon": {
        "texture": "t_it"
      },
      "minecraft:display_name": {
        "value": "Teams Item"
      },
      "tag:minecraft:transform_materials": {}
    }
  }
}