{
	"format_version": "1.12.0",
	"minecraft:geometry": [
		{
			"description": {
				"identifier": "geometry.flag",
				"texture_width": 64,
				"texture_height": 64,
				"visible_bounds_width": 3,
				"visible_bounds_height": 4,
				"visible_bounds_offset": [0, 1, 0]
			},
			"bones": [
				{
					"name": "bb_main",
					"pivot": [0, 0, 0],
					"cubes": [
						{"origin": [-6, 0, -1], "size": [2, 28, 2], "uv": [0, 0]},
						{"origin": [-4, 16, -1], "size": [7, 12, 2], "uv": [8, 14]},
						{"origin": [3, 16, 1], "size": [8, 12, 2], "uv": [8, 0]},
						{"origin": [2, 16, 1], "size": [1, 12, 1], "uv": [25, 27]},
						{"origin": [3, 16, 0], "size": [1, 12, 1], "uv": [26, 14]}
					]
				}
			]
		}
	]
}