{
  "format_version": "1.10.0",
  "minecraft:client_entity": {
    "description": {
      "identifier": "flaxon:flag_blue",
      "materials": {
        "default": "armor_stand"
      },
      "textures": {
                "default": "textures/entity/blue"
         },
      "spawn_egg": {
        "base_color": "#000000",
        "overlay_color": "#000000"
      },
      "render_controllers": [
        "controller.render.armor_stand"
      ],
    "geometry": {
        "default": "geometry.flag"
         }
      }
   }
}