{
  "format_version": "1.20.1",
  "minecraft:entity": {
    "description": {
      "identifier": "flaxon:flag_red",
      "is_spawnable": false,
      "is_summonable": true,
      "is_experimental": false
    },
    "component_groups": {
          "name_on" : {
        "minecraft:nameable": {
        "always_show": true,
        "allow_name_tag_renaming": false
         }
      },
         "name_off" : {
        "minecraft:nameable": {
        "always_show": false,
        "allow_name_tag_renaming": false
         }
      }
    },
    "components": {
     "minecraft:breathable": {"breathes_air": true,"breathes_water": true},
        "minecraft:physics": {"has_gravity": true},
      "minecraft:persistent":{},
      "minecraft:damage_sensor": {
        "triggers": {
          "cause": "all",
          "deals_damage": false
        }
      },
      "minecraft:nameable": {
        "always_show": true,
        "allow_name_tag_renaming": false
      }
    }
  }
}